piÃ±era,"
			INDECENTES: RÃ©gimen de PiÃ±era sacÃ³ un video culpando a la gente de su fracaso en controlar la pandemia			","8 junio, 2020","Y ojo que como todos estÃ¡n vendidos a la Derecha, los canales de TV estÃ¡n plegados en esta campaÃ±a de culpar a la gente

Respeta tu vida, respeta la vida de los demÃ¡s, respeta la cuarentena. #ElPrÃ³ximoPuedesSerTÃº. pic.twitter.com/39YFr6R9AT
â€” Gobierno de Chile (@GobiernodeChile) June 7, 2020

Ni estarÃ­a pasando si las principales autoridades sanitarias del paÃ­s no hubieran recomendado salir a tomar cafÃ© con amigos.
 Violentos y obscenos. Una verdadera desgracia para este paÃ­s https://t.co/5FxHvDI195
â€” Karen G. (@karenglavic) June 8, 2020


Esto no es campaÃ±a de salud es polÃ­tica de echarle la culpa a la gente de no cuidarnos. Paren de gastar fondos en promover una estrategia irresponsable de promover el contagio masivo.
â€” Rafael GonzÃ¡lez (@rafaelg_fisica) June 8, 2020

Nada de esto estarÃ­a pasando si hubieran decretado cuarentena total preventiva en marzo porque esa era la medida efectiva, probada y con evidencia para frenar los contagios. No la pseudociencia criminal de la inmunidad de rebaÃ±o de maÃ±alich. Miserables y caras de raja.
â€” ğŸŒ¾ (@monoaminoxidasa) June 8, 2020


CuÃ¡nto se demoraron en poner la cuarentena, cuÃ¡nto de demoraron en reconocer la importancia de la APS, no han escuchado a los expertos. No pueden hacer este tipo de campaÃ±a. Por favor respeten a la gente.
â€” Claudia Dides (@ClaudiaDides) June 8, 2020

No puedo llegar a creer el video que sacÃ³ el gobierno. De verdad necesitamos urgente que nos invada un paÃ­s. Cualquiera.
â€” francisca yanez (@franilustradora) June 8, 2020


QuÃ© vergonzoso este show de mierda que estÃ¡n dando, la culpa la tienen ustedes por no tomar medidas antes, por querer proteger todas sus riquezas sin importarles la vida de las personas. Â¿En serio van a intentar culparnos? Espero de verdad que se pudran.
â€” Cami LÃ¥ngstrump ğŸ’šğŸ”¥ (@EmilianaCamila_) June 8, 2020

CÃ³mo la van a respetar si casi todas las empresas resultaron ser â€œesencialesâ€, como la van a respetar conserjes, jardineros, empleadas que siguen trabajando o creen que el Metro sigue lleno en la maÃ±ana porque la gente saliÃ³ a pasear? Impresentable echarle la culpa a la gente
â€” MCecilia (@_ceciliaD) June 8, 2020


A cuadra y media de mi casa hay una empresa de plÃ¡sticos. El 80% de los empleados dio positivo en el test de COVID-19. Ustedes creen que cerraron? Que mandaron a la gente a su casa?
No me vengan a decir que la gente tiene la culpa porque me dan ganas de sacarles la csm
â€” Coni Lewin (@conilewin) June 8, 2020

No pienso ver esa indecencia de campaÃ±a. Por culpa de este desgobierno, mi papÃ¡ tiene que salir a trabajar para mantener su pyme y mi hermana cruza Santiago en transporte pÃºblico, pq su jefe tiene un salvoconducto para una empresa no esencial.
â€” Amonia Cuaternaria (@una_alondra_) June 8, 2020


No pienso ver esa indecencia de campaÃ±a. Por culpa de este desgobierno, mi papÃ¡ tiene que salir a trabajar para mantener su pyme y mi hermana cruza Santiago en transporte pÃºblico, pq su jefe tiene un salvoconducto para una empresa no esencial.
â€” Amonia Cuaternaria (@una_alondra_) June 8, 2020

Las cinco alertas que el gobierno ignorÃ³ antes de endurecer la cuarentena en el Gran Santiago ğŸ‘‰https://t.co/4ZDptyW8uh pic.twitter.com/JHgyzlXLJs
â€” CIPER Chile (@ciper) June 7, 2020

SIGAN NUESTRO NUEVO FACEBOOK",http://www.gamba.cl/2020/06/indecentes-regimen-de-pinera-saco-un-video-culpando-a-la-gente-de-su-fracaso-en-controlar-la-pandemia/
piÃ±era,"
			ASESINOS: A pesar del nuevo rÃ©cord en muertos y contagiados el RÃ©gimen de PiÃ±era sigue sin decretar cuarentena total en ValparaÃ­so			","7 junio, 2020","En el dÃ­a con mÃ¡s contagiados y mÃ¡s muertos, el criminal RÃ©gimen de PiÃ±era sin decretar cuarentena total en ValparaÃ­so, algo que recomiendan TODOS LOS EXPERTOS. Es decir, estÃ¡n cometiendo el mismo error que en Santiago, donde decretaron cuarentena total con dos meses de retraso, condenando a la muerte a miles de personas.

#COVID19
134.150 Casos: +s 5.760, as 645
1.637 Fallecidos: 1,2% +96 SIN NORMA OMS
xxxx UCI
1.336 VM: 1%
Positividad 30,1%
+2 comunas cuarentena: Calama, San Antonio (ministro culpa a la gente, para variar).
No decretan cuarentena en ValparaÃ­so/ViÃ±a. No aprenden de sus errores. https://t.co/dl0dBIvbOd
â€” Maria Paz Â«Mala-FeÂ» Bertoglia ğŸ’š (@pinabertoglia) June 7, 2020

Cuarentena en toda la galaxia excepto Gran ValparaÃ­so
â€” GAP (@crestamaquina) June 7, 2020

En la region de ValparaÃ­so somos 1.815.902 personas segun el censo del 2017 y acaban de decir en las noticias que hay 125 camas UCI para toda la region, una cama cada 14.000 personas. Y no han decretado cuarentena en ninguna comuna acÃ¡.
â€” sailor fome y ofensivağŸ¦ (@sailor_fome) June 7, 2020

MÃ¡s de 4 mil contagios y cerca de 100 fallecidos en la Region de ValparaÃ­so y la autoridad sanitaria no declara cuarentena, estarÃ¡n esperando una situaciÃ³n similar a la Metropolitana con todo fuera de control. OjalÃ¡ piensen en la salud de la gente. #CuarentenaParaValparaÃ­so
â€” Mario Aguilera ğŸ’š (@marioaguilera4) June 7, 2020

Si ValparaÃ­so alcanzÃ³ mayor cifra de contagio en un dÃ­a, quÃ© espera MaÃ±alich para ponerlo en cuarentena???
â€” flaquita encantadora ğŸ¦‹â¤ (@vilm_valle) June 7, 2020

Se ha hablado harto de ValparaÃ­so estos Ãºltimos dÃ­as y de si serÃ­a bueno o no una cuarentena. Al parecer ya estÃ¡n un poco atrasados en tomar la decisiÃ³nğŸ˜¢
AcÃ¡ el crecimiento de los Ãºltimos dÃ­as para Valpo, ViÃ±a del Mar, QuilpuÃ© y Villa Alemana pic.twitter.com/rWXocsrzIO
â€” Jorge (@perez) June 7, 2020

Valparaiso necesita hoy una estrategia de cuarentena familiar eficaz por 40 dÃ­as para cortar el contagio, con extraordinarios esfuerzos para hacer testeos masivos, y apoyo real a los mÃ¡s vulneralizados. Esto es Ahora. No el jueves. YÃ¡.
â€” Bacigalupe (@bacigalupe) June 7, 2020

Â¿Cuantos tienen que morir para que decreten cuarentena en la quinta regiÃ³n? Parece que hay un mÃ¡ximo de muertes permitidas.
 Hagan su puto trabajo, hueones pencas.
â€” Ğ½Ğ¸ĞºÑ‚Ğ¾ ĞºĞ¾ÑˆĞºĞ° (@nhenriquezbt) June 7, 2020

Espacio PÃºblico recomienda cuarentena para ValparaÃ­so. El ministro dice que el comitÃ© asesor respalda su decisiÃ³n de no decretar cuarentena. Se ha demostrado que Espacio PÃºblico ha estado mucho mÃ¡s acertado que el comitÃ© asesor. Por quÃ© no se. Le escucha?
â€” Guillermo PÃ©rez (@Guille_Capitan) June 7, 2020

Hasta cuando castigan a Valparaiso?
 Cuarentena ya!!
â€” Jotabili #YoApruebo #NomasAFP #ACAB (@Jotabili) June 7, 2020

El Gobierno es tan miserable, que no es capaz de decretar cuarentena en un Valparaiso al borde del colapso, solo para cagarse a Shap.
Lo mismo hicieron con recoleta ocultando informaciÃ³n de contagiados.
â€” Tejevientos (@TejevientosFilm) June 7, 2020

Y no hay cuarentena para el Gran ValparaÃ­so a pesar del aumento agresivo de contagios y falta de camas uci. Oficialmente, nos quieren muertos.
â€” allan (@allan_parada) June 7, 2020

Te encargo el â€œno lo vimos venirâ€ que estÃ¡n cocinando en ValparaÃ­so.
â€” Pato (@PatoGamblin) June 7, 2020
El desastre que se viene en ValparaÃ­so tiene nombre y apellido. Hasta el cansancio les han dicho, Las cuarentenas son preventivas, no paliativas, pero MaÃ±alich insiste en privilegiar la economÃ­a.
â€” Radio Villa Francia (@rvfradiopopular) June 7, 2020

Tuvieron el ejemplo de Italia, actuaron tarde en Santiago. Tienen el ejemplo de Santiago, no actÃºan en ValparaÃ­so. Ya es criminal.
â€” ComentandoTele (@ComentandoTele_) June 7, 2020
Â¿EstÃ¡n condenando a la muerte a miles de chilenos y no quieren que los critiquen? PiÃ±era, MaÃ±alich y compaÃ±Ã­a son abiertamente criminales, mÃ¡s temprano que tarde tendrÃ¡n que enfrentar la justicia por sus crÃ­menes
SIGAN NUESTRO NUEVO FACEBOOK",http://www.gamba.cl/2020/06/asesinos-a-pesar-nuevo-record-en-muertos-y-contagiados-el-regimen-de-pinera-sigue-sin-decretar-cuarentena-total-en-valparaiso/
piÃ±era,"
			RÃ©gimen de PiÃ±era tocÃ³ fondo: Para tapar el cagazo del Subsecretario ZÃºÃ±iga dijeron que los contagiados de Coronavirus pueden trabajar de chofer			","6 junio, 2020","Nuevo dÃ­a, nueva oportunidad en que el RÃ©gimen de PiÃ±era decide hundirse para tapar la irresponsabilidad del Subsecretario ZÃºÃ±iga tras romper la cuarentena por estar en contacto estrecho con una persona contagiada de coronavirus. Â¿QuÃ© pasÃ³ ahora? Dijeron que su chofer no era contacto estrecho porque â€œhabÃ­a estado a mÃ¡s de un metro de distanciaâ€â€¦ O lo que es lo mismo, que cualquier persona con coronavirus puede trabajar de chofer sin problema alguno.

Daza insiste en que chofer de ZÃºÃ±iga Â«no es un contacto estrechoâ€: â€œEl subsecretario y su conductor no tuvieron una relaciÃ³n a menos de un metroâ€ https://t.co/ltcSxSx8s4 pic.twitter.com/Hc2Ls3gx2D
â€” La Tercera (@latercera) June 6, 2020

ğŸ”´ MINUTO A MINUTO | Subsecretaria Daza y caso de Arturo ZÃºÃ±iga: Â«El subsecretario y su conductor nunca tuvieron una relaciÃ³n de menos de un metroÂ» https://t.co/DwehXiPtnt #ADNEnAlerta pic.twitter.com/m8HS8Qmjw9
â€” Radio ADN (@adnradiochile) June 6, 2020


Que burda la explicaciÃ³n del MINSAL que, por segunda vez, salen a salvar la irresponsabilidad del subsecretario Arturo ZÃºÃ±iga. Primero, la cuarentena de 4 dÃ­as, donde sacan un decreto para justificar aquello, y ahora, decir que el chÃ³fer no es contacto estrecho?
Hasta las 12â€¦
â€” Vagabundo ilustrado (@vagoilustrado) June 6, 2020

Uds son muy jÃ³venes, pero cuando empezÃ³ la pandemia y aparecÃ­a un contagiado que habÃ­a viajado en bus o aviÃ³n por ejemplo, se hacÃ­a un llamado a todos los pasajeros de ese viaje o vuelo porque se les consideraba Â«contacto estrechoÂ»ğŸ‘
â€” ConnieAchurra (@connieachurra) June 6, 2020

La cuchufleta que dijo Paula Daza sobre ZÃºÃ±iga y su chofer en ningÃºn paÃ­s serio pasa colado.
Estas bostas no estÃ¡n a la altura de la situaciÃ³n.
â€” QuÃ©dateEnCasa!! #YoApruebo (@De_Negri_) June 6, 2020

La defensa absurda del Minsal al subsecretario, equivale a sostener que cualquier contagiado con Covid-19 entonces estÃ¡ habilitado para ser conductor de Uber o taxista.
â€” Mauricio Tapia (@MauricioTapiaR) June 6, 2020


Entonces las personas enfermas de covid19 pueden trabajar de conductores y no pasa nada porque total hay un metro de distancia.
â€” Ğ½Ğ¸ĞºÑ‚Ğ¾ ĞºĞ¾ÑˆĞºĞ° (@nhenriquezbt) June 6, 2020

InsÃ³lito que sean capaces de quedar como tarados con tal de cubrirle la espalda al subsecretario ZuÃ±iga. Un poco de respeto y dignidad por el cargo, por favor.
â€” Ğ½Ğ¸ĞºÑ‚Ğ¾ ĞºĞ¾ÑˆĞºĞ° (@nhenriquezbt) June 6, 2020

Propongo que, para zanjar la discusiÃ³n de si viajar con un chofer es contacto estrecho, pongamos a PiÃ±era en un auto con un chofer con COVID-19 positivo.
â€” paz (@pazpena) June 6, 2020
Esto ya no da para mÃ¡s, el Subsecretario ZÃºÃ±iga tiene que renunciar inmediatamenteâ€¦ Â¿Con quÃ© cara despuÃ©s critican a la gente si el mismo gobierno rompe las reglas?
Esta es la inmoralidad sin lÃ­mite de la Derecha: Con tal de no reconocer que se equivocaron ni siquiera les importa hacer el ridÃ­culo. Como dicen en la serie Chernobyl: â€œCada mentira que contamos es una deuda con la verdad, tarde o temprano hay que pagarlaâ€â€¦ La irresponsabilidad del RÃ©gimen de PiÃ±era es criminal, y mÃ¡s temprano que tarde tendrÃ¡ que pagar por ello
SIGAN NUESTRO NUEVO FACEBOOK",http://www.gamba.cl/2020/06/regimen-de-pinera-toco-fondo-para-tapar-el-cagazo-del-subsecretario-zuniga-dijeron-que-los-contagiados-de-coronavirus-pueden-trabajar-de-chofer/
piÃ±era,"
			Hasta la Universidad CatÃ³lica criticÃ³ al asesor de PiÃ±era IvÃ¡n Poduje que se burlÃ³ de las personas pobres con hambre			","6 junio, 2020","IvÃ¡n Poduje, que recordemos, le pagan 4 millones de pesos mensuales por MENTIR Y TUITEAR EN CONTRA DEL PUEBLO
Â¿Recuerdan al infeliz asesor del RÃ©gimen de PiÃ±era IvÃ¡n Poduje que dijo que era mentira que habÃ­a hambre en Chile? Bueno, resulta que tras sufrir el merecido bullying de todo el paÃ­s, ahora fue la misma Universidad CatÃ³lica donde hace clases, quienes catalogaron sus declaraciones como inaceptables
Lo que hizo la Universidad CatÃ³lica es extraordinario. BÃ¡sicamente porque tienen un prontuario de ex alumnos y profesores terroristas neoliberales, es altamente positivo que se comiencen a desmarcar de ellos.

Burlarse del hambre de las personas no es una â€œopiniÃ³nâ€, es claramente un inaceptable discurso de odio. Bien por la Universidad CatÃ³lica por establecer mÃ­nimos civilizatorios, asÃ­ es como avanzan las sociedades

SIGAN NUESTRO NUEVO FACEBOOK",http://www.gamba.cl/2020/06/hasta-la-universidad-catolica-critico-al-infeliz-asesor-de-pinera-ivan-poduje-que-se-burlo-de-las-personas-pobres-con-hambre/
piÃ±era,"
			Asesor del RÃ©gimen de PiÃ±era IvÃ¡n Poduje dijo que era mentira que habÃ­a gente con hambreâ€¦ Hay mÃ¡s de 600 ollas comunas en Chile			","5 junio, 2020","La Derecha llama a la unidad y lo primero que hace es burlarse de la gente con hambreâ€¦ No pueden ser mÃ¡s infelices
El asesor del RÃ©gimen de PiÃ±era IvÃ¡n Poduje, un cuico de mierda al que le pagan 4 millones por tuitear mentiras, atacar al pueblo y servirle el cafÃ© a CristiÃ¡n Larroulet, en plena pandemia escribiÃ³ que â€œera curioso que nunca mÃ¡s se supo del hambreâ€â€¦ Una burla considerando que hay miles de chilenos que no tienen que comer, mÃ¡s aÃºn considerando que actualmente existen mÃ¡s de 600 OLLAS COMUNES

AsÃ­ con el asesor presidencial columnista de La Tercera IvÃ¡n Poduje. Tiene tan poca calle este mequetrefe que no sabe nÃ¡ que en hartas poblaciones y villas hay ollas comunes.
No sÃ© si escribiÃ³ esto de ignorante o derechamente con maldad. pic.twitter.com/SYxlVZjzG2
â€” El Felipillou (@FelipeCitadino) June 5, 2020

QuizÃ¡s donde tu vives, entre las conversas de tus amigos y en los medios de comunicaciÃ³n el hambre de acabÃ³.
Pero en los barrios la incertidumbre y el hambre estÃ¡ ahÃ­ mismo, gestionando ollas comunes y comedores, ademÃ¡s de seguir esperando la ayuda del gobierno (las cajas y 65k) https://t.co/11i3fl8fDZ
â€” Daniel Andrade #Apruebo (@DAndrade_S) June 5, 2020


AdemÃ¡s de la clÃ¡sica miseria e inmoralidad del asesor urbano de Larroulet, se nota que no tiene ni idea que pasa en ValparaÃ­so, su ciudad Â«regalonaÂ»https://t.co/Pgz3sFYZnr pic.twitter.com/PWTH7jMc9s
â€” Juanizio Correa (@Juanizio_C) June 5, 2020

Â¿CÃ³mo es posible el diÃ¡logo republicano cuando el estÃ¡ndar Ã©tico es tan distinto? Pregunto en serio, porque es un problema del que no nos podemos desentender. pic.twitter.com/gVawfiyPJK
â€” APRUEBO â€“ Hugo Diaz (@hugodiazm) June 5, 2020


SerÃ­a bueno hiciera un esfuerzo de informarse sobre la ENORME cantidad de ollas comunes q se han organizado las Ãºltimas semanas precisamente para evitar el problema del hambre. AquÃ­ le dejo una cuenta q recopila estas iniciativas. VerÃ¡ q hay mÃ¡s de 600.
https://t.co/58bFNh8K7s https://t.co/unaTOB6UOe
â€” Catalina FernÃ¡ndez Carter (@catafernandezc) June 5, 2020

624 ollas comunes a lo largo del paÃ­s y Piduye tuitea que Â«nunca mÃ¡s se supo del hambreÂ»
â€” Mandelorian (@Mandefenton) June 5, 2020


Y eso que solo es una muestra. Aprovecho de enviar el listado de ollas comunes (gracias @catafernandezc )
Con datos de contacto para que podamos ayudar: https://t.co/KizMHghkmA
â€” Mandelorian (@Mandefenton) June 5, 2020

Miserable https://t.co/pyJyr1WwX5
â€” Marianela GonzÃ¡lez ğŸ¦Š (@ianela) June 5, 2020


M I S E R I A H U M A N A pic.twitter.com/Vm6ePXfyWY
â€” Pats (@patsycontardo) June 5, 2020

Si alguna vez te preguntan: QuÃ© es vivir en una burbuja?
 Muestre esto ğŸ‘‡ https://t.co/CQndESvNev
â€” Roberto Arancibia (@RobertoA) June 5, 2020


Si es cierto que vuelve el prÃ³ximo semestre: Â¿quÃ© tipo de profesionales quieren formar en mi escuela?
Somos una Universidad CatÃ³lica. Independiente del credo que uno profese, tener un mÃ­nimo de empatÃ­a por el prÃ³jimo es obligatorio. pic.twitter.com/yTHljAgzzg
â€” Jeanette Orozco (@JeanetteOrozcoM) June 5, 2020

Jaja mira Poduje como se saben las cosas â€¦ Sapo de Larrouletâ€¦â€¦..$4 millones pagados del bolsillo de todos los ğŸ‡¨ğŸ‡± pic.twitter.com/ln0f6WARgH
â€” Mouche (@mouche200) May 20, 2020


El Cretino de Ivan Poduje recibe casi 4 millones para hacer de Cheerleader del Presidente, asÃ­, como lee, el Chaperon Poduje. https://t.co/C3Ec62Fb4s
â€” Canelon (@Canelonli) May 19, 2020

AsÃ­ que el seÃ±or Poduje es asesor directo de Presidencia, y no solo en materias de su Ã¡rea (urbanismo), sino que como Â«apoyo a actividades presidencialesÂ». En sus columnas debiera transparentarlo. Le pagan casi 4 milloncitos mensuales.
â€” NicolÃ¡s SepÃºlveda Gambi (@niko_sepulveda) April 2, 2020

Si estÃ¡ mintiendo o de verdad cree que en Chile no hay hambre da lo mismo. El tema de fondo es exponer nuevamente la inmoralidad total de la Derecha, quienes como viven en una burbuja constantemente se burlan de los pobresâ€¦ Por eso es que JAMÃS van a gobernar a favor del pueblo
Si estÃ¡ mintiendo o de verdad cree que en Chile no hay hambre da lo mismo. El tema de fondo es exponer nuevamente la inmoralidad total de la Derecha, quienes como viven en una burbuja constantemente se burlan de los pobresâ€¦ Por eso es que JAMÃS van a gobernar a favor del pueblo
SIGAN NUESTRO NUEVO FACEBOOK",http://www.gamba.cl/2020/06/asesor-del-regimen-de-pinera-ivan-poduje-dijo-que-era-mentira-que-habia-gente-con-hambre-hay-mas-de-600-ollas-comunas-en-chile/
piÃ±era,"
			Cambio de Gabinete sÃ³lo fue un enroque de gomeros: PiÃ±era decide hundir el paÃ­s manteniendo al asesino Jaime MaÃ±alich			","4 junio, 2020","NÃ³tese que el sociÃ³pata que tenemos de presidente les querÃ­a dar la mano
Como ya es costumbre, el desastroso RÃ©gimen de PiÃ±era realizÃ³ un â€œCambio de Gabineteâ€ entre comillas, ya que en realidad se tratÃ³ de un nuevo enroque de gomeros para no cambiar nada. Donde lo Ãºnico que se puede analizar es que mantuvo en su cargo al asesino Jaime MaÃ±alich para terminar de hundir al paÃ­s, que mandaron a la chucha a SebastiÃ¡n Sichel, y que Mario Desbordes se anotÃ³ un pequeÃ±o triunfo al instalar a CristiÃ¡n Monckeberg en el comitÃ© polÃ­tico, con el problema de que el tipo es completamente tonto, no tiene carisma y tiene menos calle que Caleta Tortel.

Cambio de gabinete: Sichel se va al BancoEstado y hay cambios en Desarrollo Social, Vivienda y la Segpres https://t.co/EcEUpQSD2w pic.twitter.com/U43YrOoXeo
â€” CNN Chile (@CNNChile) June 4, 2020

Claudio Alvarado a Segpres, CristiÃ¡n Monckeberg a Desarrollo Social y Felipe Ward a Vivienda, Sichel al Banco del Estado. Un cambio de gabinete al estilo de una silla musical motivado por cuoteos polÃ­ticos sin atender a los cambios que se necesitan por la pandemia.
 Un show mÃ¡s.
â€” Constanza ValdÃ©s C. (@conivaldesc) June 4, 2020


ğŸ”´ MÃ¡s q un #CambioDeGabinete, esto fue sÃ³lo maquillaje. El Presidente estÃ¡ jugando a la silla musical con ministros. Es evidente q no se estÃ¡n impulsando transformaciones q pongan el foco en la gente.
A @sebastiansichel el premio de consuelo, la presidencia de @BancoEstado
â€” Claudia Mix ğŸ‡¨ğŸ‡± (@Claudia_Mix) June 4, 2020

â­•#CambiodeGabinete
 1. Felipe Ward asume el ministerio de Vivienda y Urbanismo.
 2. Cristian Monckeberg asume en el ministerio de Desarrollo Social y Familia.
 3. Claudio Alvarado asume la Segpres.
ğŸ”ºPremio de consuelo @sebastiansichel en la presidencia de @BancoEstado. https://t.co/T4nbpSHuI6
â€” Karina Oliva (@karina_ol) June 4, 2020


Del Ministerio de Desarrollo Social al Banco Estado. El cambio que la gente pedÃ­a âœ…âœ…
â€” Pats (@patsycontardo) June 4, 2020
MÃ¡s que cambio de gabinete parece movimiento de maceteros.
â€” vero ç»´ç½— (@docecuotas) June 4, 2020

El cambio de gabinete tuvo como centro reordenar los equilibrios polÃ­ticos de su interna.
Nada tiene que ver con la brutal crisis que tenemos, con la peor pandemia en 100 aÃ±os.
Lamentable.
â€” NicolÃ¡s Facuse (@nfacuse) June 4, 2020

A Sichel lo mandaron de corpÃ³reo de los patos del Banco Estado
â€” Marco (@vel4rde) June 4, 2020

Lamentablemente con el cambio de gabinete se atrasarÃ¡ un poco mÃ¡s la entrega de las urgentes cajas de alimentaciÃ³n. Gobierno calcula que la Ãºltima caja se entregarÃ¡ alrededor de septiembre de 2028.
â€” M (@MJPC21) June 4, 2020

el Ãºnico cambio de gabinete que me interesa incluye a MaÃ±alich, Blumel y una guillotina
â€” ğŸ¢ğŸ’¢ğŸ”¥ğŸ‘®ğŸ”¥ (@Pxrrxn) June 4, 2020

Quedamos todos con pega, que es lo importante #CambioDeGabinete
â€” Ignacio Achurra (@IgnacioAchurra) June 4, 2020

AnÃ³tese, regÃ­strese y publÃ­quese que acabamos de presenciar otro show por nada #CambioDeGabinete
â€” ComentandoTele (@ComentandoTele_) June 4, 2020

â€“ Presidente, tenemos que sacar a alguien del gabinete, para fingir cambios y avances.
 â€“ Entiendo, quien es el mejor evaluado?
 â€“ Sichel, tiene un 50% de aprobaciÃ³n, a diferencia de MaÃ±alich, el peor evaluado.
 â€“ Perfecto, saca a Sichel.
 â€“ Pero seÃ±or â€¦
 â€“ QUEDARÃ FILETE ğŸ¤™ğŸ»
â€” Macarena Andrea L.B ğŸğŸƒ (@MacarenandreaLB) June 4, 2020


OjalÃ¡ me mandaran de presidenta de un banco como premio de consuelo. Creo que en tÃ©rminos prÃ¡cticos es el que mÃ¡s gana.
Este gobierno estÃ¡ muerto. Lo mejor es salir de Ã©l y hacer como que nunca pasaste por allÃ­.
â€” Ğ½Ğ¸ĞºÑ‚Ğ¾ ĞºĞ¾ÑˆĞºĞ° (@nhenriquezbt) June 4, 2020

QuedÃ³ clarÃ­simo que Chile Vamos no soportÃ³ que el ministro mejor evaluado del gobierno no fuera de Chile Vamos
â€” Miguel Crispi (@MiguelCrispiS) June 4, 2020

PiÃ±era tiene menos banca que el Pelao Acosta en Francia 98. No tiene a nadie nuevo que quiera entrar en su equipo. Solo enroques.#CambioDeGabinete
â€” Rodrigo Vega (@rodrigovega) June 4, 2020

Â¿CuÃ¡l es el sentido de este cambio de gabinete en medio de las urgencias que vive Chile? Podemos estar en el peor de los mundos pero los equilibrios polÃ­ticos parece que son mucho mÃ¡s importantes. Copia del edÃ©n.
â€” Antonio Quinteros (@anquinteros) June 4, 2020

Eso no es un #CambioDeGabinete es un Enroque de Gabinete. Es mÃ¡s bien un ajuste para los partidos. Sobre la crisis nada cambia. Mejora interlocuciÃ³n polÃ­tica con Alvarado, Ward es como un jarrÃ³n de la dinastÃ­a UDI y hay que ponerlo en alguna parte y Sichel ni para pie de pagina.
â€” Gabriel Alemparte (@jgalemparte) June 4, 2020

Presidente puede hacer #CambioDeGabinete cuando quiera. Pero normalmente es para sacar miembros que desordenan el Gobierno o para generar cambios de timÃ³n y Ã©nfasis en la ejecuciÃ³n de polÃ­ticas pÃºblicas.
Nada de eso ocurriÃ³ hoy, en el contexto mÃ¡s grave desde hace dÃ©cadas.
â€” Xi (@cronopioaustral) June 4, 2020

Les resumo el #CambioDeGabinete pic.twitter.com/yCFLn7niyX
â€” El Cochinote (@Lord_Charcha) June 4, 2020

Los cambios de ingenieros. pic.twitter.com/ljv5Qdqbon
â€” Inti Carrizo-Ortiz (@carrizo_ortiz) June 4, 2020

CristiÃ¡n Monckeberg sale de Vivienda y asume el Ministerio de Desarrollo Social y Familiaâ€¦ sÃ­, el que cree que todos los chilenos tenemos una casa en la playa y dos departamentos #CambioDeGabinete pic.twitter.com/2xLeG5Y4fP
â€” Adri F-R. G. (@AdrianFRG) June 4, 2020
Al final esto demuestra dos cosas: 1) La Derecha no tiene mÃ¡s gente. 2) Que no pueden volver a gobernar nunca mÃ¡s ya que se cagan en la pandemia y buscaron generar una crisis sanitaria a propÃ³sito para que PiÃ±era termine su gobierno sin protestas
SIGAN NUESTRO NUEVO FACEBOOK",http://www.gamba.cl/2020/06/cambio-de-gabinete-solo-fue-un-enroque-de-gomeros-pinera-decide-hundir-el-pais-manteniendo-al-asesino-jaime-manalich/
piÃ±era,"
			Desbordes barre con el RÃ©gimen de PiÃ±era por no querer condonar el CAE:  â€œMe sorprende la generosidad para ayudar a las grandes empresas y no a miles de chilenosâ€			","3 junio, 2020","Por si tenÃ­an dudas de que el RÃ©gimen de PiÃ±era es tan desastroso que hasta los mismos parlamentarios de Derecha lo estÃ¡n criticando, tras las declaraciones de IvÃ¡n Moreira denunciando que PiÃ±era los estÃ¡n obligando a rechazar proyectos que van en directo beneficio del pueblo, ahora fue el turno de Mario Desbordes, quien se fue en picada contra su propio gobierno por negarse a condonar el CAE.

Desbordes arremete contra Briones: Me sorprende la generosidad para ir en ayuda de grandes empresas y no de miles de chilenos #CooperativaEnCasa https://t.co/4XbhLz139r pic.twitter.com/fuT1q4O9xJ
â€” Cooperativa (@Cooperativa) June 2, 2020

RN propuso incluir condonaciÃ³n del CAE en acuerdo nacional https://t.co/YQOCvZGXHj pic.twitter.com/8DJL0exKKt
â€” Radio ADN (@adnradiochile) June 2, 2020


La dura respuesta de Desbordes a Briones por descartar incluir condonaciÃ³n del CAE en acuerdo: â€œNo es el ministro el que decide quÃ© se discute y que no, es la mesa de trabajoâ€ https://t.co/d4Fs0mWoS8 pic.twitter.com/T9LI7HjAfm
â€” La Tercera (@latercera) June 2, 2020

Desbordes critica a Hacienda: Ayuda a grandes empresas y no a Â«miles de chilenosÂ» #CooperativaEnCasa https://t.co/HKSrZj1OFW pic.twitter.com/eJr2fDaPAy
â€” Cooperativa (@Cooperativa) June 2, 2020
Desbordes advierte al Gobierno: Si la gente entiende que estÃ¡ ""mal pelado el chancho"" nos puede salir muy caro #CooperativaEnCasa https://t.co/8S0BSSPgaC pic.twitter.com/lEedwOJTOI
â€” Cooperativa (@Cooperativa) June 3, 2020
Condonar el CAE debe ser un piso mÃ­nimo para cualquier â€œacuerdo nacionalâ€. No puede ser que miles de personas estÃ©n endeudadas de manera millonaria por ESTUDIAR
A estas alturas, es bastante obvio que PiÃ±era estÃ¡ atrincherado en su ideologÃ­a neoliberal beneficiando a a los grandes empresarios y aplastando al pueblo. Si a esto sumamos que lo estÃ¡ haciendo en plena pandemia, da para enjuiciar a PiÃ±era y todo su gobierno por criminales

SIGAN NUESTRO NUEVO FACEBOOK",http://www.gamba.cl/2020/06/desbordes-barre-con-el-regimen-de-pinera-por-no-querer-condonar-el-cae-me-sorprende-la-generosidad-para-ayudar-a-las-grandes-empresas-y-no-a-miles-de-chilenos/
piÃ±era,"
			SE HUNDE EL TITANIC: Moreira denunciÃ³ que PiÃ±era los obligÃ³ a rechazar proyectos como el postnatal y dar internet gratis a estudiantes pobres			","2 junio, 2020","Â¿Ven que los llamados a la unidad que hace el RÃ©gimen de PiÃ±era son una farsa?
Â¿QuÃ© pasÃ³ ahora? El Senador de la UDI IvÃ¡n Moreira, vendiÃ³ sin asco al RÃ©gimen de PiÃ±era,denunciando que estÃ¡ obligando a los parlamentarios de Derecha a rechazar mÃºltiples proyectos, entre los que se incluyen el postnatal de emergencia y dar internet gratis a los estudiantes pobres.

VIDEO | Senador IvÃ¡n Moreira asegurÃ³ que el Gobierno envÃ­a informes para que parlamentarios voten en contra de proyectos â€œinconstitucionalesâ€: entre ellos figura el postnatal de emergencia https://t.co/zWJL0E1Z5Q pic.twitter.com/TQNH03uVmi
â€” Radio ADN (@adnradiochile) June 3, 2020

Moreira acusa que el gobierno pide que voten en contra de proyectos: â€œQuieren que nosotros pongamos la caraâ€ https://t.co/I5lnfA4vc7 pic.twitter.com/GP2EmVesZk
â€” CHV Noticias (@CHVNoticias) June 3, 2020

Se enojÃ³ IvÃ¡n Moreira con el Gobiernoâ€¦ğŸ˜³
RevelÃ³ -en plena sesiÃ³n del Senado- que el Gobierno les pide a ellos (parlamentarios oficialistas) votar en contra proyectos como; Dar internet gratuito a estudiantes vulnerables, o el posnatal, quedando el Gobierno bien, y ellos mal: pic.twitter.com/GP2VcTaAp4
â€” Vagabundo ilustrado (@vagoilustrado) June 3, 2020

Moreira echÃ³ al agua a PiÃ±era. Lo acusÃ³ en sesiÃ³n del Senado en vivo que el Gobierno les pide a ellos votar en contra proyectos como dar internet gratuito a estudiantes vulnerables, alimentos, posnatal y cada cosa que beneficie a la gente que hoy lo necesita mÃ¡s que nunca. pic.twitter.com/RAH4Oh3U9x
â€” HonorYGloriaâ™¥ï¸âš˜#Apruebo (@JoviNomas) June 3, 2020

Esto termina por demostrar que los llamados a la unidad del RÃ©gimen de PiÃ±era siempre fueron una mentira. PiÃ±era no quiere unidad alguna, sÃ³lo quiere que no lo critiquen mientras hunde al paÃ­s completo
La excusa de PiÃ±era para rechazar estos proyectos que benefician al pueblo es que son â€œinconstitucionalesâ€â€¦ Â¿Ven que si queremos un mÃ­nimo de dignidad tenemos que votar APRUEBO?
Lo mÃ¡s grave es que estamos en presencia de un presidente sin ningÃºn respaldo, que hasta la Derecha critica, que en plena pandemia estÃ¡ atrincherado en su ideologÃ­a fascista censurando leyes en beneficio del pueblo. Semejante sociÃ³pata no puede seguir siendo presidente

SIGAN NUESTRO NUEVO FACEBOOK",http://www.gamba.cl/2020/06/se-hunde-el-titanic-moreira-denuncio-que-pinera-los-obligo-a-rechazar-proyectos-como-el-postnatal-y-dar-internet-gratis-a-estudiantes-pobres/
piÃ±era,"
			PiÃ±era hizo una cadena nacional para chuparle el pico en vivo y en directo al delincuente Juan Sutil			","2 junio, 2020","PiÃ±era degradÃ³ a tal punto la figura presidencial que se convirtiÃ³ en un mocito de los grandes empresarios
Primero que todo, detallar que tenemos a un presidente tan alfeÃ±ique y fracasado que hace un punto de prensa sÃ³lo para succionarle el moco al delincuente Juan Sutil, el mismo que recordemos: Financia a la ultraderecha, prefiriÃ³ matar a las personas antes que tocar la economÃ­a, estÃ¡ a favor de censurar medios que no informan como quiere la derecha y exigiÃ³ pagar menos impuestos tras hacer sus cagadas de â€œdonacionesâ€
La Universidad de Santiago desarrollÃ³ 1000 ventiladores y no saliÃ³ en ninguna parte, donde el RÃ©gimen de PiÃ±era ni siquiera los pescÃ³. Mientras tanto, el delincuente Juan Sutil â€œdonaâ€ 100 ventiladores y los canales de televisiÃ³n lo muestran en Cadena Nacionalâ€¦ Â¿Queda claro nuevamente que en Chile no hay libertad de prensa? Si todos los canales estÃ¡n alineados con la Derecha no hay pluralidad de la informaciÃ³n, y sin eso simplemente no tenemos Democracia

Presidente @sebastianpinera, ministro Jaime MaÃ±alich y pdte. @CPCchile Juan Sutil, reciben nuevos ventiladores mecÃ¡nicos y equipos de oxigenoterapia de alto flujo https://t.co/XnynSpyipF
â€” Ministerio de Salud (@ministeriosalud) June 2, 2020

Cadena Nacional encabezada por Juan Sutil.
 El gobierno fascista poniendo todos los recursos comunicacionales del Estado para lavarle la imagen a los empresarios.
Asco, asco y mas asco!!! ğŸ¤®ğŸ¤®ğŸ¤®ğŸ¤®ğŸ¤®
â€” Dane BersÃ¶h (@Dane_BS) June 2, 2020


Autoridades de gobierno en el aeropuerto.
Primero hablÃ³ el Presidente Juan Sutil, ahora lo hace el vicepresidente SebastiÃ¡n PiÃ±era. pic.twitter.com/GDgo20pvc7
â€” ğŸ‡¨ğŸ‡± Alberto Sironvalle ğŸ‡¨ğŸ‡± (@alb0black) June 2, 2020

Hacen un punto de prensa, y el que abre es Juan Sutil sin mascarilla, y saluda al presidente y le agradece por escucharloâ€¦.
 Y habla en nombre del gobierno de Chileâ€¦
Fiel reflejo de quien administra a Chile S.A.
 ğŸ¤¦ğŸ¤¦ğŸ¤¦
â€” Marco Scevola #AsambleaConstituyente (@MarcoErafayco) June 2, 2020


En este momento, el Presidente de la Republica de Chile, Juan Sutil, hablando en cadena nacional.
No somos mÃ¡s que una vulgar empresa. #ContigoCHV #Senamegate #Bienvenidos13 #Covid19Chile #COVID19 #MaÃ±alich #BuenosDiasTVN pic.twitter.com/rVLHbZHv61
â€” CabroChico (@paulodelgadoi) June 2, 2020

Es bien indigna y bananera la constante presencia de Juan Sutil en reuniones, conferencias y puntos de prensa del gobierno. Ante la total ausencia de representantes del mundo sindical, se muestra mÃ¡s impÃºdica aÃºn.
â€” Javier Castillo J. (@jicastij) June 2, 2020


CÃ³mo se deben reÃ­r de PiÃ±eiro en la CPC.
â€” Milton (@Metamorfoseao) June 2, 2020

Ya es oficial. pic.twitter.com/FOYv8A7BBZ
â€” Pedro Cayuqueo (@pcayuqueo) June 2, 2020


Entonces la jerarquÃ­a es esta.
Presidente: Juan Sutil
Ministro del Interior: CristiÃ¡n Larroulet
Perkin: Sebastian PiÃ±era
â€” Primera Linea (@PrimeraLinea9) June 2, 2020

En quÃ© momento hubo cambio de mando en la moneda ?
SaliÃ³ : Cristian Larroulet
Entro : Juan Sutil
PD : Lo mÃ¡s cerca que veremos sexo oral en TV abierta , es ver a PiÃ±era agradeciendo a Sutil pic.twitter.com/FOKL29SJpq
â€” Viejo para TW ..ğŸ‘´ğŸ¼ (@AlexisLienqueo) June 2, 2020

SIGAN NUESTRO NUEVO FACEBOOK",http://www.gamba.cl/2020/06/pinera-hizo-una-cadena-nacional-para-chuparle-el-pico-en-vivo-y-en-directo-al-delincuente-juan-sutil/
piÃ±era,"
			Juventud UDI publicÃ³ un video llamando a no criticar al RÃ©gimen de PiÃ±era y que debemos morir de Coronavirus sin reclamar			","1 junio, 2020","Â¿Ven que ser facho afea? Aparte por quÃ© se graban gritando deformes reculiaos
Cuando estos fachos horrendos dicen que â€œno hay que criticar al RÃ©gimen de PiÃ±era y que debemos apoyarlo sin cuestionarâ€, lo que estÃ¡n diciendo es que respaldemos a un gobierno criminal que ha hecho TODO MAL, que generaron una crisis sanitaria por su ineptitud y que literalmente nos estÃ¡n matando. Su cagada de gobierno querÃ­a mandar los niÃ±os al colegio en el peak de contagiosâ€¦ Â¿Oponerse a eso le dicen estorbar?
Nuevamente vemos que estos terroristas neoliberales tildan de â€œideolÃ³gicoâ€ todo lo que va en beneficio del pueblo. Como si matar a las personas para no tocarle el bolsillo a los grandes empresarios no fuera algo extremadamente ideolÃ³gico
Â¿Ven que la UDI representa un peligro para la Democracia? Su discurso en contra de la polÃ­tica es el mismo que tenÃ­a el dictador genocida Augusto Pinochet. MÃ¡s encima son increÃ­blemente hipÃ³critas, ya que cuando ellos fueron OposiciÃ³n no tuvieron problemas en destrozar a Bachelet cuando ocurriÃ³ el terremoto/tsunami del 27F sacando provecho polÃ­tico
Como pueblo, tenemos que entender que la UDI ni siquiera es un partido de derecha, es una peligrosa organizaciÃ³n fascista al servicio de los grandes empresarios. Ellos son la bancada de los SÃºper Ricos, nada de lo que hagan beneficiarÃ¡ al pueblo.

Â¡Si no van a aportar, no estorben! Competimos el claro mensaje de nuestras Nuevas Generaciones haciendo un llamado a la OposiciÃ³n a aportar en el futuro del paÃ­s. pic.twitter.com/JCimeQRZcM
â€” UDI (@udipopular) June 1, 2020

el sindicato de payasos no quiso quedar ausente de esta noble causa
â€” sailor fome y ofensivağŸ¦ (@sailor_fome) June 1, 2020


oye la wea ordinaria ğŸ¤¡ğŸ¤¡ğŸ¤¡
â€” Paularaya (@paularaya_) June 1, 2020

quÃ© me vienen a levantar la voz pajarones reculiaos
â€” yep (@eslaquenuncafue) June 1, 2020

Es curioso aquel desprecio a Â«politizarÂ». Como si ustedes no hicieran lo mismo. Tienen una deshonestidad intelectual del porte de un transatlÃ¡ntico.
â€” Ricardo Antonio (@ricardoparranda) June 1, 2020

Sin ir mÃ¡s lejos, hace dos dÃ­as tenÃ­an un festÃ­n sacÃ¡ndose fotos mientras entregaban cajas. No tienen vergÃ¼enza.
â€” Maximiliano Melo Â® (@maximilianomr) June 1, 2020

Jajaja pero por favor no les da vergÃ¼enza
â€” NicolÃ¡s del Fierro (@nicodfb) June 1, 2020

Que actitud amenazante. Antes de hacer un video llamando a la unidad tomen un poco de aire y relajen la vena, perritos âœŒï¸
â€” Abel Gustavo (@agonzest) June 1, 2020

Que violento
â€” #NoMÃ¡sRepresiÃ³n! (@DanPeralta79) June 1, 2020

Â«Utilizar el dolor de las familias para rÃ©dito propioÂ»
Perdonen mi francÃ©s, pero son muy conchadesumadres pic.twitter.com/nd8Wctc1xZ
â€” Walter ArruÃ© V. (@walterarruev) June 1, 2020

Â«Politicos que anteponen su ideologia a la saludÂ» pic.twitter.com/tnIKnPcakV
â€” MaximilianoJavier (@Electroperro1) June 1, 2020

el partido polÃ­tico con mas denuncias por cohecho, fraudes, escÃ¡ndalos financieros, estafas, apropiaciÃ³n indebida de recursos fiscales, raspaos de ollaâ€¦eso sin contar con una hipÃ³crita visiÃ³n religiosa..Â¿se atreven a dar clases de moral y buenas costumbres?â€¦son bien carerajas
â€” cristian g (@garatzu) June 1, 2020

UDI: no queremos que la gente dependa del estado.
TambiÃ©n UDI: anteponer la ideologia antes que la salud es de lo peor.
â€” Maximiliano Melo Â® (@maximilianomr) June 1, 2020

Que onda con esta gente quieren a todas las personas calladitas que su posiciÃ³n sea la Ãºnica vÃ¡lida ,q intolerancia con la perspectiva u opiniÃ³n que pueda tener otra persona .este tipo de videos son el fiel reflejo de la UDI prepotentes y dueÃ±os segÃºn ellos de la verdad .
â€” Claudia Cantarero (@ClaudiaCantare2) June 1, 2020

VÃ¡yanse a la chucha!!!! si es bueno para la UDI, es malo para Chile.
â€” PaoloSapbe (@PaoloSapbe) June 1, 2020
SIGAN NUESTRO NUEVO FACEBOOK",http://www.gamba.cl/2020/06/juventud-udi-publico-un-video-llamando-a-no-criticar-al-regimen-de-pinera-y-que-debemos-morir-de-coronavirus-sin-reclamar/
piÃ±era,"
			INCREÃBLE: RÃ©gimen de PiÃ±era publicÃ³ un video sobre la violencia contra la mujer victimizando a un golpeador de mujeres			","1 junio, 2020","Â¿QuiÃ©n iba a pensar que poner a una cuica fascista sin estudios sobre violencia de gÃ©nero como Ministra de la Mujer iba a ser un desastre?
Esta nueva brutalidad es lo mismo que pasa en TODAS las campaÃ±as de esta cagada de gobierno: Â¿En serio no hubo UN cuico que les dijera que esta campaÃ±a era un insulto para las mujeres? Â¿En serio no son capaces de asesorarse por profesionales? Es increÃ­ble que el RÃ©gimen de PiÃ±era literalmente no hace NADA BIEN.
Â¿Saben cuÃ¡l es el problema de fondo? Estamos sufriendo las consecuencias de la nula meritocracia en Chile. Estamos gobernados por cuicos ingenieros comerciales que no tienen idea de nada, a los cuales durante toda su vida les han dicho que son â€œsecosâ€, cuando en realidad siempre han sido unos mediocres.

Nunca es tarde para reflexionar y pedir perdÃ³n por los errores del pasadoğŸ‘©ğŸ»ğŸ‘¨ğŸ»ğŸ‘µğŸ»ğŸ‘´ğŸ»
Si conoces a una mujer vÃ­ctima de violencia Â¡APÃ“YALA!
Pide orientaciÃ³n y ayuda en estos canales silencioso:
ğŸ“²WhatsApp Mujer +569 9700 7000
ğŸ’»Chat Web en https://t.co/VB7ZONr9dm#CuentasConmigo pic.twitter.com/uzpJi17yXL
â€” SernamEG Chile (@SernamEGChile) June 1, 2020

Vieron la nueva campaÃ±a del @SernamEGChile? Un insulto a mujeres y disidencias sexuales que viven o hemos vivido violencia. Una apologÃ­a al perdÃ³n contra nuestros agresores, pero ni una palabra sobre nuestros derechos o polÃ­ticas de prevenciÃ³n. A la pinta de los conservadores! pic.twitter.com/7rSrewO98K
â€” Emilia Schneider (@emischneiderv) June 1, 2020


OYE PERO POR LA CONCHETUMARE QUÃ‰ CRESTA ES ESTO!?!??! NO TIENEN NI MEDIA NEURONA BUENA
â€” francamente ğŸ• (@candy_voodoo) June 1, 2020

PERO QUIEN CONCHETUMARE HIZO EL GUIÃ“N DE ESTO. QuÃ© terrible
â€” capucha otaku (@richyyie) June 1, 2020


CONCHETUMADRE..donde tiene el sentido comÃºn EN EL HOYO?
â€” Coni (@almiibar) June 1, 2020

borren esa wea
â€” Maquis ğŸŒ¹ (@Miau_Maca) June 1, 2020


ESTA WEA ES UNA BROMA?
â€” MacaMiau ğŸ± (@macagg_) June 1, 2020

no necesitamos agresores arrepentidos, necesitamos QUE NOS DEJEN DE AGREDIR
â€” javyera (@JoavY) June 1, 2020


por quÃ© poner un abusador?!!! QUEREMOS JUSTICIA, NO PERDÃ“N
â€” Ally (@CreoQueSoyUnB0t) June 1, 2020

HUEÃ“NNNNN NI SE ESFUERZAN UN POCO EN DEJAR DE DAR VERGÃœENZA
â€” PaulağŸ‘ (@Maria_Paula1799) June 1, 2020


CÃ³mo no van a poder hacer nada bien??????
â€” Sailor CripyğŸŒ¿ (@FioRepetto) June 1, 2020
-Tata, mi pololo me agrediÃ³â€¦-Querida nieta, mi princesa, hablemos de mÃ­.
â€” MarÃ­a Sapolio (@payayita) June 1, 2020
CampaÃ±as pensadas desde el punto de vista del agresor, con clara intenciÃ³n de exculparlos apelando a una suerte de compasiÃ³n? Es bien impresentable la naturalizaciÃ³n de la violencia q lleva en sus campaÃ±as el Gobierno, quieren q empaticemos con los agresores? https://t.co/R8JLeWL8m5
â€” Camila Vallejo Dowling #APRUEBO (@camila_vallejo) June 1, 2020

No puedo creer que subieron un video donde el mensaje para invitar a las vÃ­ctimas a hacer la denuncia lo entrega un agresor. En quÃ© cabeza este video estÃ¡ bien?? Escalofriante que este sea el ministerio a cargo de proteger y acoger a vÃ­ctimas de violencia. https://t.co/4HGv6HCl8n
â€” Valentina Moyano (@Valemoyano_) June 1, 2020


1. VÃ­deo contra la violencia hacia la mujer protagonizado por un hombre
2. VictimizaciÃ³n de un hombre que, segÃºn se da a entender, fue agresor
Esto es burlesco, humillante, totalmente alejado de la realidad. Es una vergÃ¼enza que para el ministerio esta mierda sea una campaÃ±a. https://t.co/9quWDZw7EU
â€” E. (@EstefaniaCty) June 1, 2020

Esta campaÃ±a deberÃ­a estar dirigida a las mujeres y su propia narrativa, NO ser un instrumento para romantizar el abuso desde una mirada masculina, forzando la lÃ¡stima y empatÃ­a con el agresor. Los abusadores NO SON LA VÃCTIMA POR LA CHUCHA COMO TE LO EXPLICO https://t.co/sK3KPOombE
â€” Valeria (@0nreivni) June 1, 2020


INACEPTABLE: CampaÃ±a del @MinMujeryEG para supuestamente prevenir la violencia termina empatizando con el agresor. Esto es tremendamente violento para las mujeres vÃ­ctimas de violencia de gÃ©nero.
Ministerio deberÃ­a bajar campaÃ±a y pedir disculpas. https://t.co/RydEDP7JZ4
â€” Observatorio Contra el Acoso â€“ Chile (@ocacchile) June 1, 2020
SIGAN NUESTRO NUEVO FACEBOOK",http://www.gamba.cl/2020/06/increible-regimen-de-pinera-publico-un-video-sobre-la-violencia-contra-la-mujer-victimizando-a-un-golpeador-de-mujeres/
piÃ±era,"
			La debacle del RÃ©gimen de PiÃ±era: Chile ya tiene el doble de muertes que Argentina a pesar de tener la mitad de habitantes			","31 mayo, 2020","
Chile superÃ³ los 1.000 fallecidos por el Covid-19 mientras que contagiados bordean los 100.000 #CooperativaEnCasa https://t.co/iIWFNYOEGd pic.twitter.com/t0uvC3TptA
â€” Cooperativa (@Cooperativa) May 31, 2020

Chile vive su luto mÃ¡s triste: Supera los mil muertos por COVID-19, roza los 100 mil contagios y red de salud estÃ¡ a punto de colapsar
 â¡https://t.co/W7s6pLQmz6 pic.twitter.com/mcx4zZdJrz
â€” El Desconcierto (@eldesconcierto) May 31, 2020


ğŸ”´Minsal anuncia 4.830 nuevos casos de COVID-19 en Chile, alcanzando 99.680 casos en el paÃ­s.
Con 57 nuevas fatalidades, Chile suma 1.054 personas fallecidas por el virus pic.twitter.com/hTVO2uhpfz
â€” El Desconcierto (@eldesconcierto) May 31, 2020

Hoy Chile doblÃ³ las muertes (por COVID-19) a la vecina Argentina.
â€“ Chile, con 18 millones de habitantes: 1.054 muertes.
â€“ Argentina, con 44 millones de habitantes: 528 muertes.
*Ambos paÃ­ses reportaron el primer caso el 03 de marzo, pero tomaron estrategias muy distintas.
â€” Vagabundo ilustrado (@vagoilustrado) May 31, 2020


Covid-19 en Latinoamerica:
âœ… Brasil supera el medio millÃ³n de casos, con 28.000 fallecidos.
âœ… PerÃº, 150.000 casos, 4.300 muertes
âœ… Chile, 99.688 y 1.054 fallecidos.
âœ… Ecuador, 38.000 y 3.300 muertos
âœ… Colombia, 28.000 y 890 muertos
âœ… Argentina, 16.000 y 530 fallecidos
â€” Fabricio Ballarini (@FabBallarini) May 31, 2020

De 10 paÃ­ses que combinan mayor nÃºmero de contagios y reporte oficial mÃ¡s bajo Â«letalidadÂ» por COVID (tasa de muertes por No. de contagios), solo uno es reconocido como democracia plena: Chile. Los demÃ¡s son Â«autoritariosÂ» (5), Â«hÃ­bridosÂ»(3) o Â«democracia imperfectaÂ» (1) 1/3 pic.twitter.com/1jfsNQjrpn
â€” alejandra matus (@alejandramatus) May 31, 2020


El anÃ¡lisis lo hizo Alberto Mayor en webinar sobre las tres olas: Â«Estallidos sociales, pandemia y recesiÃ³nÂ», usando reportes oficiales de paÃ­ses con mayor nÃºmero de contagios por millÃ³n de habitantes y ranking de nivel democrÃ¡tico de 167 paÃ­ses de Â«The EconomistÂ» 2/3 pic.twitter.com/BwE67rVD9c
â€” alejandra matus (@alejandramatus) May 31, 2020

Chile reportÃ³ nuevamente hoy letalidad de 1%, q se asocia a eficiencia en manejo epidemiolÃ³gico. Sin embargo, reconoce tambiÃ©n q sÃ³lo se contabilizan fallecidos con PCR+. Eso deja fuera casos sospechosos s/test y muertes domiciliarias, que, salvo excepciones, no se testean 4/4
â€” alejandra matus (@alejandramatus) May 31, 2020

SIGAN NUESTRO NUEVO FACEBOOK",http://www.gamba.cl/2020/05/la-debacle-del-regimen-de-pinera-chile-ya-tiene-el-doble-de-muertes-que-argentina-a-pesar-de-tener-la-mitad-de-habitantes/
piÃ±era,"
			Fracaso del RÃ©gimen de PiÃ±era en controlar la pandemia ya estÃ¡ matando a 54 personas por dÃ­a			","29 mayo, 2020","El comportamiento criminal del RÃ©gimen de PiÃ±era en controlar la pandemia, donde literalmente lo hicieron TODO MAL, alcanzÃ³ un nuevo rÃ©cord en el reporte diario, luego que informaran que en las Ãºltimas 24 horas murieron 54 personas de coronavirus.

ğŸ”´AHORA â€“ 54 personas fallecieron a causa del COVID-19, la cifra mÃ¡s alta desde que comenzÃ³ la pandemia. El total de muertos es de 944.
Sigue el minuto a minuto acÃ¡: https://t.co/s2iD8lY5N7 pic.twitter.com/r1cYRcNZvR
â€” CNN Chile (@CNNChile) May 29, 2020

ğŸ”´ AHORA Un viernes negro y con la peor cifra para Chile: 54 muertos por coronavirus
 ğŸ‘‰https://t.co/kt1h2MqTdc pic.twitter.com/CVLTNshcOd
â€” Publimetro (@PublimetroChile) May 29, 2020


Gobierno reportÃ³ 54 muertes por Covid-19 en un dÃ­a, nueva cifra mÃ¡s alta desde el inicio de la pandemiahttps://t.co/73ms0rvKAC pic.twitter.com/8WAsNhyJjz
â€” Radio ADN (@adnradiochile) May 29, 2020

ğŸ”´ MINUTO A MINUTO | Minsal confirmÃ³ hasta el jueves 28 de mayo a las 21:00 horas:
â€“ Casos total de contagiados: 90.638
 â€“ Casos nuevos 24 horas: 3.695
 â€“ Con sÃ­ntomas: 3.355
 â€“ Sin sÃ­ntomas: 340https://t.co/DwehXiPtnt #ADNEnAlerta pic.twitter.com/aAITKonVq4
â€” Radio ADN (@adnradiochile) May 29, 2020

Resumamos nuevamente el comportamiento criminal del RÃ©gimen de PiÃ±era: No escucharon a los expertos, no tomaron en cuenta la evidencia cientÃ­fica, no decretaron cuarentena total cuando habÃ­a que hacerlo, impusieron un discurso triunfalista diciendo que lo estaban haciendo mejor que todos, dijeron que los felicitaban de todas partes, estuvieron dos meses sin contar a los asintomÃ¡ticos, hablaron de meseta, dijeron que habÃ­a una tendencia a la disminuciÃ³n de casos, hablaron de retorno seguro, querÃ­an abrir los malls, querÃ­an volver mandar a los niÃ±os al colegio, llamaron a las personas a salir a tomarse un cafÃ©, dejaron salir a la gente de Santiago, y el mismo MaÃ±alich llamaron a salir a las calles para tomar cerveza y comer empanadasâ€¦. MaÃ±alich y PiÃ±era no sÃ³lo tienen que renunciar, tienen que ser encarcelados por condenar a muerte a miles de chilenos
SIGAN NUESTRO NUEVO FACEBOOK",http://www.gamba.cl/2020/05/fracaso-del-regimen-de-pinera-en-controlar-la-pandemia-ya-esta-matando-a-54-personas-por-dia/
piÃ±era,"
			LIDERAZGO INTERNACIONAL: Chile superÃ³ a China en nÃºmero de contagiados â€œgraciasâ€ al desastre del RÃ©gimen de PiÃ±era			","28 mayo, 2020","El peor gobierno de la historia: Prefirieron matarnos antes que tocarle el bolsillo a los grandes empresarios
Si, habrÃ­a que ser el rey de los weones para creer que China tuvo sÃ³lo esa cantidad de contagiados considerando que tienen 1.400.000 de habitantes, pero el RÃ©gimen de PiÃ±era tambiÃ©n manipulÃ³ las cifras escondiendo a los contagiados asÃ­ que estÃ¡n empatados. Sea como el sea, el dato es que segÃºn las cifras â€œoficialesâ€. Chile superÃ³ a China en nÃºmero de contagios.

#CooperativaEnCasa Covid-19: Chile superÃ³ los 86 mil contagios y pasÃ³ a China en total de positivos oficiales https://t.co/yQWa399SS2 pic.twitter.com/FIm2dAhKJ5
â€” Cooperativa (@Cooperativa) May 28, 2020

ğŸ”´ AHORA | En China -donde se detectÃ³ por primera vez la enfermedad- se han reportado 84.106 casos totales.https://t.co/0qELZtObbY
â€” BioBioChile (@biobio) May 28, 2020


ğŸ”´ #AlertaT13 | Chile supera a China en contagios por coronavirus y queda entre paÃ­ses mÃ¡s golpeados por la pandemiahttps://t.co/85DBYZqSqa pic.twitter.com/gvmY2Peb2O
â€” T13 (@T13) May 28, 2020

Minsal reportÃ³ 49 muertos por Covid-19 en las Ãºltimas 24 horas, la cifra mÃ¡s alta desde el inicio de la pandemia
https://t.co/NgbLF423tg pic.twitter.com/82PdKLF0Hm
â€” Radio ADN (@adnradiochile) May 28, 2020

ğŸ”´AHORA: Chile anota su peor cifra: 49 personas fallecidas en las Ãºltimas 24 horas
ğŸ‘‰https://t.co/cG8TcOyPnK pic.twitter.com/GBPEP5s8Qg
â€” Publimetro (@PublimetroChile) May 28, 2020

En ninguna democracia del mundo ğŸŒ un ministro de salud se mantiene en su cargo con tantas mentiras y engaÃ±os al pueblo #RenunciaMaÃ±alich no olvidemos que este payaso ğŸ¤¡ sigue gobernando como una dictadura #Genocida #ElPeorPresidenteDeLaHistoria
â€” Guillermo Le-Fort Ya (@GuillermoLeFort) May 28, 2020

APLAUDAN pic.twitter.com/QGpYv4pYcX
â€” Ur fav is Seanlole (@seanlole) May 28, 2020

pic.twitter.com/yrjQmBxa6Q
â€” O_MaurOÂ© (@OmauroO) May 28, 2020


Â¿Tenemos mÃ¡s casos que China?
Tenemos mÃ¡s casos que China pic.twitter.com/GSD7YgrQnc
â€” Pato (@PatoGamblin) May 28, 2020

Casos COVID-19 por millÃ³n de habitantes en los Ãºltimos 30 dÃ­as, 27/05/2020 (datos corregidos para Reino Unido, Francia y China) pic.twitter.com/8MZtYaj1OE
â€” Animaciones COVID-19 (@covid19statsvid) May 27, 2020


Como el gobierno es obsesivo con el ranking mundial y el liderazgo internacional:
Chile, es 3Â° en nuevos casos de contagio.
Chile, es 6Â° en nÃºmero de fallecidos.
Chile, es 8Â° en casos crÃ­ticos.
Chile, es 9Â° en casos totales.
Â¡Â¡Presidente PiÃ±era, estos frÃ­os nÃºmeros SON PERSONAS!! pic.twitter.com/cvTkU8AP8I
â€” É¢á´œsá´›á´€á´ á´ á´á´€É´á´‡ÌÉ´ (@gmanen) May 28, 2020
SIGAN NUESTRO NUEVO FACEBOOK",http://www.gamba.cl/2020/05/liderazgo-internacional-chile-supero-a-china-en-numero-de-contagiados-gracias-al-desastre-del-regimen-de-pinera/
piÃ±era,"
			Igual que Trump y Bolsonaro: PiÃ±era justificÃ³ su fracaso en controlar la pandemia diciendo que â€œlos estudios se equivocaronâ€			","27 mayo, 2020","Â¿Lo peor de todo? Nadie sabe cuÃ¡les son los estudios que dice PiÃ±era ya que SIGUE ESCONDIENDO LA INFORMACIÃ“N
En algo que servirÃ¡ de argumento para encarcelarlo por su comportamiento criminal frente a la pandemia, en vez de asumir la culpa y reconocer que no tomÃ³ en cuenta la evidencia cientÃ­fica, PiÃ±era utilizÃ³ la misma estrategia anti-cientÃ­fica de Trump y Bolsonaro (dos weones que en algo que no es coincidencia tambiÃ©n hundieron a sus paÃ­ses con el coronavirus), y justificÃ³ su fracaso diciendo que â€œlos estudios se equivocaronâ€â€¦ Algo que es una soberana mentira, ya que TODOS los expertos anticiparon las nefastas consecuencias que traerÃ­an las estrategias de MaÃ±alich, incluido el Colegio MÃ©dico que pidiÃ³ decretar cuarentena total el 20 de marzo advirtiendo una inminente crisis sanitaria.

Presidente SebastiÃ¡n PiÃ±era:
Â«Los estudios han sido poco precisos y se han apartado de la verdad. Por eso quiero insistir que desde el primer dÃ­a nos preparamosÂ» pic.twitter.com/NCdcIpwFoX
â€” Ministerio de Salud (@ministeriosalud) May 27, 2020

esto es un insulto https://t.co/P8YxyBPS5Q
â€” alexis â˜­ (@sociogolo) May 27, 2020

Los estudios han dicho EXACTAMENTE lo que ha pasado, solo que MaÃ±alich y compaÃ±Ã­a hicieron cherrypicking de los que mÃ¡s les gustaron (por tincada). De espalda a la ciencia, de espalda a la ciudadanÃ­a, ocultando datos.
CRIMINALES https://t.co/WvIiBiip2N
â€” Alejandro Sophila ğŸ²Â³ ğŸ’š (@bicubico) May 27, 2020

Â¿QuÃ© estudios?
 Ustedes no trasparentan quÃ© estudios usan para la toma de decisiones.
 No transparentan los umbrales de datos para instalar o levantar cuarentenas.
 No transparentan los modelos epidemiolÃ³gicos.
 No transparentan los datos desagregados. https://t.co/NlOGfqbPBr
â€” Maria Paz Â«Mala-FeÂ» Bertoglia ğŸ’š (@pinabertoglia) May 27, 2020


OjalÃ¡ la mentira del presidente tuviese alguna consecuencia mÃ¡s allÃ¡ de la indignaciÃ³n. https://t.co/r6vL9i03yx
â€” Ğ½Ğ¸ĞºÑ‚Ğ¾ ĞºĞ¾ÑˆĞºĞ° (@nhenriquezbt) May 27, 2020

Lo bueno de estas fake news que dice tanto el MINSAL como el presidente es que sirven de prueba para cuando traten de sacarse la responsabilidad https://t.co/X7BbZHrj0K
â€” M (@MJPC21) May 27, 2020

Paren de mentir, inÃºtiles indecentes. TODOS, vimos con tiempo los estudios y anÃ¡lisis sobre que hacer a partir de la experiencia en el hemisferio Norte. TODOS lo vimos venir y ustedes cuidando a sus amigos de las grandes tiendas, malls, etc. #RenunciaPiÃ±era #RenunciaMaÃ±alich
â€” La Ro (@ro_eche) May 27, 2020

CUÃLES estudios, CON QUÃ‰ EVIDENCIA afirma que se han apartado de la verdad, QUE ESTUDIOS ACTUALES ESTÃN USÃNDOSE para desconfiar se los anteriores
 LIBEREN LOS DATOS
â€” â­ï¸ Sinsentido ComÃºn â­ï¸ (@SinsentidoC) May 27, 2020

Miente, miente, miente. acÃ¡ no hay ciencia, pues el ministerio de ciencia sirve como operador polÃ­tico y generadores de panfletos. Resulta que ahora todo el mundo es responsable menos ellos. Dimitanâ€¦ llamen a elecciones, si no son capaces de gobernar. Se cagaron a todo un paÃ­s.
â€” Arwrarwrirwrarwro #YoApruebo (@Arwrarwrirwrar1) May 27, 2020

PiÃ±era se hunde en un mar de mentiras, una sobre la otra, hasta ya no poder distinguir. SerÃ¡ recordado como eso, un gobernante autoritario, incapaz y deshonesto
â€” CristiÃ¡n MÃ©ndez (@Cmendezcerda) May 27, 2020


Falta de cuarentena y pocos test: AnÃ¡lisis estadÃ­stico de Ciper anticipa que vamos directo a una crisis sanitaria https://t.co/D1jbq60Y3R
â€” GAMBA (@GAMBA_CL) April 18, 2020

Izkia Siches pidiÃ³ cuarentena total el 20 de marzo advirtiendo una crisis sanitariaâ€¦ Enrique Paris respaldÃ³ la fracasada estrategia del gobierno y dijo que las cuarentenas eran â€œpopulistasâ€. https://t.co/rQrw5oSo0W
â€” GAMBA (@GAMBA_CL) May 17, 2020

Uno de los motivos para sobrevivir a esta crisis es ver a PiÃ±era en la cÃ¡rcel. Nos matÃ³ durante el estallido social y nos estÃ¡ matando en la crisis del coronavirus. El peor presidente de la historia y un criminal de lesa humanidad con todas sus letras
Uno de los motivos para sobrevivir a esta crisis es ver a PiÃ±era en la cÃ¡rcel. Nos matÃ³ durante el estallido social y nos estÃ¡ matando en la crisis del coronavirus. El peor presidente de la historia y un criminal de lesa humanidad con todas sus letras
SIGAN NUESTRO NUEVO FACEBOOK",http://www.gamba.cl/2020/05/igual-que-trump-y-bolsonaro-pinera-justifico-su-fracaso-en-controlar-la-pandemia-diciendo-que-los-estudios-se-equivocaron/
piÃ±era,"
			MÃ¡s perdidos imposible: RÃ©gimen de PiÃ±era resucitÃ³ a Cecilia Bolocco para apoyar sus campaÃ±as aweonÃ¡s			","26 mayo, 2020","Â¿En serio no hubo UN cuico que les dijera que esta con esta campaÃ±a iban a hacer el ridÃ­culo?
Partamos por lo principal: Â¿En serio convirtieron en una campaÃ±a de polÃ­tica pÃºblica APLAUDIR a los trabajadores de la salud? Â¿Los mismos que vienen denunciando hace meses que no tienen los insumos mÃ­nimos necesarios para enfrentar el Coronavirus y que incluso ni siquiera les pagan? 

Y por si con lo anterior la desconexiÃ³n con la realidad no era lo suficientemente grotesca, mÃ¡s encima RESUCITAN A CECILIA BOLOCCO. Alguien que no tiene peso alguno y que no es noticia desde hace como 15 aÃ±osâ€¦ QuizÃ¡s esto mismo explica el fracaso absoluto que ha sido el RÃ©gimen de PiÃ±era, son una tropa de cuicos de mierda inÃºtiles que no tiene idea de nada


Recuerda que hoy a las 21:00, en pocos minutos mÃ¡s, todo #ChileTeAplaude, asÃ­ como tambiÃ©n los reconoce Cecilia Bolocco en este video lleno de agradecimiento a todo el personal de salud. #CuidÃ©monosEntreTodos pic.twitter.com/rkwPjFLdzT
â€” Ministerio de Salud (@ministeriosalud) May 27, 2020

Que alguien me explique el contexto para invocar a cecilia bolocco? Y mas encima pidiendo aplausos? Que incoherencia sobre todo viniendo del ministerio de salud
â€” cartulina lopez (@lacartulina_) May 27, 2020


Mentira q esto saliÃ³ en una cuenta oficial de gbno ğŸ¤¦ğŸ½â€â™€ï¸ğŸ¤¦ğŸ½â€â™€ï¸ğŸ¤¦ğŸ½â€â™€ï¸ğŸ¤¦ğŸ½â€â™€ï¸ğŸ¤¦ğŸ½â€â™€ï¸ğŸ¤¦ğŸ½â€â™€ï¸
â€” Dani (@danipaz_a) May 27, 2020

Dios mÃ­o, quÃ© desastre
â€” Latiffa (@latiffa_) May 27, 2020


QuÃ© plancha este gobierno culiado.
â€” RabbitHeart (@gatassstrofe) May 27, 2020

Que pena que ahora se estÃ©n colgando todas las figuritas de esta crisis,con palabras bonitas no se arreglan vidas,ellos necesitan insumos, que estÃ©n bien protegidos del contagio,sueldos dignos pagando las horas extraordinarias que estÃ¡n haciendo,respeto
â€” emilia oyarce (@OyarceEmilia) May 27, 2020


El rÃ©gimen sacÃ³ a Cecilia Bolocco de la criogenia pa grabar esa propagandahorrible.
â€” Jaime (@TimeDecanted4) May 27, 2020

La Bolocco rostro del ministerio de salud pidiendo aplausosâ€¦ la Bolocco po loco, estÃ¡n todos locosâ€¦ la Bolocco po loco!
â€” Italo Franzani (@ItaloFranzani) May 27, 2020


Creo que es de las cosas mÃ¡s patÃ©ticas que han tuiteado, es el MINSAL o una cuenta de farÃ¡ndula? A quien le importa lo q la Bolocco diga o haga? Este gobierno es ridiculo desde el eslabÃ³n mÃ¡s bajo hasta el mÃ¡s alto, patÃ©tico.
â€” FVG (@fernandoveasg) May 27, 2020

â€“ Oye weÃ³n, necesitamos a alguien que conecte con la gente, alguien que haya estado muy presente en Chile, con quien la gente se sienta identificada.
â€“ Ya sÃ© Â¡Cecilia Bolocco!
â€” Ãngel (@Angestz) May 27, 2020


Necesito las transcripciones de la reuniÃ³n en dÃ³nde el equipo comunicacional que le costÃ³ 500 millones al gobierno decidiÃ³ que poner un vÃ­deo de Cecilia Bolocco era la mejor idea
â€” M (@MJPC21) May 27, 2020

Encuentro fascinante que la desconexiÃ³n del Gobierno con la calle sea tan colosal, que piensen que Cecilia Bolocco va a mover gente en 2020.
MaÃ±ana sale CÃ©sar Antonio Santis a calmar las aguas.
â€” Inti Carrizo-Ortiz (@carrizo_ortiz) May 27, 2020

Elegir a Cecilia Bolocco como sÃ­mbolo de unidad nacional es la demostraciÃ³n palpable y evidente de lo perdido y alejado de la realidad que anda el gobierno de los gerentes.
â€” Artemio Lupin (@artemiolupin) May 27, 2020
SIGAN NUESTRO NUEVO FACEBOOK",http://www.gamba.cl/2020/05/mas-perdidos-imposible-regimen-de-pinera-resucito-a-cecilia-bolocco-para-apoyar-sus-campanas-aweonas/
piÃ±era,"
			INÃšTILES: RÃ©gimen de PiÃ±era se quedÃ³ sin legumbres para las cajas de alimentos			","26 mayo, 2020","Â¿Hacen todo mal y no quieren que los critiquen?
Porque el desastroso RÃ©gimen de PiÃ±era siempre puede ser mÃ¡s inÃºtil, y por si tenÃ­an dudas de que no se prepararon una mierda â€œdesde eneroâ€ como decÃ­an, en apenas 4 dÃ­as se quedaron sin legumbres para las cajas de alimentos que improvisaron sÃ³lo para no aumentar el miserable ingreso de emergencia, armar un vergonzoso show mediÃ¡tico y beneficiar aÃºn mÃ¡s a los grandes empresarios.
El intendente de la RegiÃ³n Metropolitana Felipe Guevara, confirmÃ³ la falta de stock de legumbres para poder incorporarlas en las cajas de emergencia del gobierno. Â«Hay algunos quiebres de stock muy razonables y se van reemplazando de manera que la caja no pierda la capacidad nutritiva que debe tenerÂ», dijo la autoridad regional. AgregÃ³ que Â«estamos explorando otros productos, como cuscus, que tiene la misma capacidad energÃ©tica de todos elementos, que son 35Â». El gobierno estÃ¡ ahora realizando la tercera compra y dentro de eso hay elementos que serÃ¡n reemplazados, como tambiÃ©n los tarros de jurel.
Â¿Se dan cuenta que el RÃ©gimen de PiÃ±era es por lejos el peor gobierno de la historia? Y despuÃ©s los caras de raja no quieren que los critiquen
Â¿Saben cuÃ¡l es uno de los problemas de fondo? En todos los puestos de poder estÃ¡ lleno de cuicos de mediocres que llegaron a sus puestos sÃ³lo por su red contactos, jamÃ¡s por mÃ©rito o capacidades. Cuicos mediocres que mÃ¡s encima, como toda la vida les dijeron que eran â€œsecosâ€, no tienen tolerancia alguna a la crÃ­tica. Por eso es que enfrentados por primera vez a un problema real, fueron incapaces de encontrar soluciones y quedaron en evidencia como una tropa de inÃºtiles.
SIGAN NUESTRO NUEVO FACEBOOK",http://www.gamba.cl/2020/05/inutiles-regimen-de-pinera-se-quedo-sin-legumbres-para-las-cajas-de-alimentos/
piÃ±era,"
			Mientras al pueblo le entregaron 65 lucas todas cagadas, el RÃ©gimen de PiÃ±era piensa gastar millones en rescatar a LATAM			","26 mayo, 2020","Mientras al pueblo le entregaron miserables 65 lucas para enfrentar la pandemia, mientras en Alemania rescatan a las compaÃ±Ã­as aÃ©reas a cambio de pasar a ser accionistas mayoritarios, el desastroso RÃ©gimen de PiÃ±era ya piensa en gastar millones para rescatar a LATAM. Estamos hablando de la misma empresa que repartiÃ³ 47.000 millones entre sus accionistas tras despedir y quitarle el sueldo a todos sus trabajadores.

VIDEO | Ministro Briones sobre Latam: Â«Evaluaremos la conveniencia para contribuir al Ã©xito del proceso de reorganizaciÃ³nÂ» https://t.co/6ctroay4ua pic.twitter.com/qPg6xQQBS5
â€” Radio ADN (@adnradiochile) May 26, 2020

El ministro de Hacienda aclarÃ³ que en caso de ayudar a Latam, Â«serÃ¡ una ayuda para la empresa, no para sus dueÃ±osÂ» https://t.co/dWq0UaMaoi
â€” T h e C l i n i c (@thecliniccl) May 26, 2020


El Ministro @ignaciobriones_ anuncia que salvarÃ¡ a @LATAM_CHI con platas pÃºblicas. El aÃ±o 2016 @sebastianpinera prestÃ³ a los Cueto -dueÃ±os de la aerolÃ­nea- 40 millones de dÃ³lares, que le devolverÃ¡n hasta el 2021. Â¿Vamos a salvar el prestamo de PiÃ±era? https://t.co/FdgtEwf3q8
â€” Ignacio Ortega (@NachoOrtega) May 26, 2020

Y si los dueÃ±os de latam lo han perdido prÃ¡cticamente todo, que se anoten en la municipalidad por una caja de comida y vayan a hacer la fila a la AFC igual que el resto.
 Y, mientras tanto, que pasen el hambre tomando agua, si es que tienen.
â€” Pato (@PatoGamblin) May 26, 2020


me vay a decir que latam quebrÃ³ en cuatro meses y la vieja que vende almuerzos en el negocio de la esquina todavia puede seguir funcionando, denle el nobel de economia a la seÃ±ora
â€” sailor fome y ofensivağŸ¦ (@sailor_fome) May 26, 2020

PÃ¡senle 65 lucas a los dueÃ±os de Latam y que se las arreglen con eso. No queremos que dependan del Estado.
â€” VÃ­ctor FG. (@vktfg) May 26, 2020

Antes de rescatar a Latam serÃ­a bueno saber si la familia Cueto se metiÃ³ la mano al bolsillo para rescatar a su empresa con algo de los $240.000.000.000 que ganÃ³ (utilidad) con la venta de acciones a Delta, cuyo precio de compra fueron $440.237.000.000. Una bicoca.
â€” Daniel Ãlvarez-Valenzuela (@simenon) May 26, 2020

Ministro Briones, justificando el salvavidas del gobierno a Latam: Â«es una empresa estratÃ©gica para el paÃ­sÂ». Entonces, porque no es estatal? Ah! claro, las ganancias son privadas y las pÃ©rdidas las paga el Estado, es decir se pagan con nuestros recursos. Son my cara de rajas!
â€” myriam garcia j. @myriamgarcia (@magavilu) May 26, 2020

1. Ni Latam ni ninguna empresa debe recibir salvataje estatal gratis a cargo del bolsillo de [emailÂ protected], sin que se asegure beneficios comunes. El Estado debe adquirir a cambio propiedad en la empresa, como Alemania, que adquiriÃ³ el 20% de Lufthansa. https://t.co/s3amXjNSZB
â€” Gonzalo Winter (@gonzalowinter) May 26, 2020

2. Presentamos un proyecto de ley para que las empresas que se beneficien asÃ­, no puedan suspender, reducir ni terminar los contratos de sus trabajadores mientras dure la crisis, e integren en su directorio al Estado y los trabajadores.
â€” Gonzalo Winter (@gonzalowinter) May 26, 2020

3- Latam fue una empresa estatal privatizada en dictadura, lo que permitiÃ³ que personas como el actual presidente de la repÃºblica se enriquecieran con un patrimonio nacional. No podemos permitir que el precio de la crisis lo paguen los que tienen menos.
â€” Gonzalo Winter (@gonzalowinter) May 26, 2020

Â¿CÃ³mo chucha una empresa que amasa una fortuna es capaz de quebrar en un par de meses? Empresas de mentira llorÃ¡ndole al Estado que las rescaten, porque la teorÃ­a que sustenta su modelo de negocio es una mierda. https://t.co/niPSA03kTb
â€” Dra. Vivian (@karen_koltrane) May 26, 2020


no me vengan a decir que las pÃ©rdidas de LATAM las tiene que pagar el Estado y el CAE lo tengo que pagar yo
â€” Javiera (@Gasparinaaa) May 26, 2020

Los Cuetos pueden endeudarse, hacer caja, vender activos para tener liquidezâ€¦ por quÃ© todo tiene que dÃ¡rselo el estado
â€” Guillermo Bastias (@gmobastias) May 26, 2020


Â¿No tenemos plata para dar mÃ¡s de 65.000 a la gente que no tiene para comer pero tenemos para salvar a una familia de millonarios que desde su lÃ­nea Ã¡rea, que se quedaron durante la dictadura, nos han tratado como el forro?
â€” soledadmarÃ­a (@cabreate) May 26, 2020
Insultante el carerajismo de Ignacio Briones explicando cÃ³mo van a salvar a LATAM. O sea pagamos el 19% de todo lo q compramos pa q le regalen las lucas a los Cueto, los multimillonarios Ã­ntimos amigos del multimillonario PiÃ±era. Insultante!
â€” #AsambleaConstituyente (@titijv) May 27, 2020

Las risas que nos vamos a echar cuando en 4 aÃ±os mÃ¡s Briones sea parte del directorio de Latam
â€” kagemusha (@aruvuaro) May 26, 2020

Â¿QuiÃ©n iba a pensar que un gobierno de empleados a sueldo de los grandes empresarios iba a gobernar en contra del pueblo para defender a los grandes empresarios?â€¦ Por favor, la Derecha NUNCA MÃS
SIGAN NUESTRO NUEVO FACEBOOK",http://www.gamba.cl/2020/05/mientras-al-pueblo-le-entregaron-65-lucas-todas-cagadas-el-regimen-de-pinera-piensa-gastar-millones-en-rescatar-a-latam/
